invoice_id,org_id,month,subtotal,credits,taxes,currency,exchange_rate_to_usd,subtotal_usd,taxes_usd,credits_usd
inv_nym31sk0,org_xaji0y6d,2025-06-01,1133.34,0.0,238.0,USD,0.97684,1107.0918456,232.48792,0.0
inv_540sejok,org_xaji0y6d,2025-07-01,619.17,0.0,130.03,USD,1.00331,621.2194526999999,130.46039929999998,0.0
inv_ilp4vn2v,org_xaji0y6d,2025-08-01,540.79,0.0,113.57,ARS,0.0016,0.865264,0.18171199999999998,0.0
inv_27nls4sz,org_pbhsahxt,2025-06-01,520.91,0.0,109.39,ARS,0.00147,0.7657377,0.16080329999999998,0.0
inv_xq1k1qrr,org_pbhsahxt,2025-07-01,909.56,0.0,191.01,EUR,1.09929,999.8702124,209.9753829,0.0
inv_n5n5ehq4,org_pbhsahxt,2025-08-01,2048.95,25.93,430.28,USD,1.03282,2116.196539,444.40178960000003,26.7810226
inv_03ivwack,org_hv3a3zmf,2025-06-01,350.32,0.0,73.57,ARS,0.00158,0.5535056,0.11624059999999999,0.0
inv_ln9tlyo6,org_hv3a3zmf,2025-07-01,1579.4,0.0,331.67,ARS,0.00152,2.400688,0.5041384000000001,0.0
inv_74dphu2x,org_hv3a3zmf,2025-08-01,580.08,0.0,121.82,USD,0.95689,555.0727512000001,116.56833979999999,0.0
inv_rfnh671p,org_8mdd4v30,2025-06-01,951.0,4.78,199.71,USD,1.03016,979.68216,205.7332536,4.9241648
inv_j0ak269r,org_8mdd4v30,2025-07-01,819.36,0.0,172.07,USD,1.04544,856.5917184,179.88886079999997,0.0
inv_yohcknew,org_8mdd4v30,2025-08-01,618.66,0.0,129.92,USD,0.98955,612.195003,128.562336,0.0
inv_jr73cknu,org_t9nt3w5u,2025-06-01,425.48,0.0,89.35,USD,0.9839,418.629772,87.91146499999999,0.0
inv_2mwm3728,org_t9nt3w5u,2025-07-01,345.44,11.43,72.54,ARS,0.00151,0.5216144,0.10953540000000002,0.0172593
inv_pu8hn8xz,org_t9nt3w5u,2025-08-01,862.81,0.0,181.19,EUR,1.12905,974.1556305,204.57256950000001,0.0
inv_4osu2ma9,org_zbikcidk,2025-06-01,557.64,0.0,117.1,USD,0.94896,529.1780544,111.123216,0.0
inv_0ds1bhrn,org_zbikcidk,2025-07-01,1038.68,0.0,218.12,USD,1.02551,1065.1767268,223.68424119999997,0.0
inv_lqlfwuui,org_zbikcidk,2025-08-01,764.27,0.0,160.5,ARS,0.00149,1.1387623,0.239145,0.0
inv_u52w85yp,org_wnnhj7xv,2025-06-01,1070.89,14.58,224.89,EUR,1.0106,1082.241434,227.27383399999997,14.734547999999998
inv_s859txad,org_wnnhj7xv,2025-07-01,199.9,66.45,41.98,EUR,1.0373,207.35627000000002,43.545854,68.92858500000001
inv_n2tvdnhb,org_wnnhj7xv,2025-08-01,405.73,0.0,85.2,ARS,0.00136,0.5517928000000001,0.11587200000000002,0.0
inv_obvgyihu,org_g0fn9xuy,2025-06-01,1087.58,0.0,228.39,USD,1.03992,1130.9961936,237.50732879999998,0.0
inv_ivgayiuq,org_g0fn9xuy,2025-07-01,681.65,0.0,143.15,USD,0.96706,659.196449,138.434639,0.0
inv_gx8uwtk7,org_g0fn9xuy,2025-08-01,-1125.54,3.42,236.36,USD,1.00132,-1127.0257127999998,236.6719952,3.4245144
inv_s1oqo0j4,org_41ibljh7,2025-06-01,587.88,9.3,123.45,USD,0.96914,569.7380232,119.640333,9.013002
inv_eaisdk0o,org_41ibljh7,2025-07-01,444.36,0.0,93.32,USD,1.00291,445.6530876,93.59156119999999,0.0
inv_kk0ojbqu,org_41ibljh7,2025-08-01,283.95,5.78,59.63,USD,0.95534,271.26879299999996,56.9669242,5.5218652
inv_111vpivx,org_5lxo6qji,2025-06-01,2037.64,0.0,427.9,USD,1.08628,2213.4475792,464.81921199999994,0.0
inv_sytp4jul,org_5lxo6qji,2025-07-01,535.14,0.0,112.38,ARS,0.00144,0.7706016,0.1618272,0.0
inv_sxl8nv9u,org_5lxo6qji,2025-08-01,1851.84,59.87,388.89,EUR,1.07054,1982.4687936,416.3223006,64.0932298
inv_zi3lplfw,org_ujv6oh9s,2025-06-01,979.51,19.57,205.7,USD,0.93308,913.9611908,191.934556,18.2603756
inv_afn21472,org_ujv6oh9s,2025-07-01,710.27,0.62,149.16,ARS,0.00152,1.0796104,0.2267232,0.0009424
inv_j8np9s8e,org_ujv6oh9s,2025-08-01,861.92,1.12,181.0,ARS,0.00154,1.3273567999999998,0.27874,0.0017248
inv_9gf2fxx9,org_dbdw2pcn,2025-06-01,1187.26,0.0,249.33,USD,0.96453,1145.1478878,240.4862649,0.0
inv_xjue6ihr,org_dbdw2pcn,2025-07-01,681.77,7.91,143.17,USD,1.03014,702.3185478,147.4851438,8.1484074
inv_uj9ycsrk,org_dbdw2pcn,2025-08-01,389.5,6.59,81.8,EUR,1.10725,431.27387500000003,90.57305000000001,7.2967775
inv_5slsbjlv,org_9t84azyt,2025-06-01,677.45,0.0,142.26,USD,1.03636,702.082082,147.43257359999998,0.0
inv_y6l1xxx2,org_9t84azyt,2025-07-01,501.32,0.0,105.28,USD,0.95366,478.08883119999996,100.4013248,0.0
inv_n2sua5m4,org_9t84azyt,2025-08-01,793.74,0.0,166.69,ARS,0.00146,1.1588604,0.24336739999999998,0.0
inv_eo0xjjvh,org_jxepq85j,2025-06-01,734.51,18.31,154.25,USD,0.94783,696.1906133,146.2027775,17.3547673
inv_oiqnd8m5,org_jxepq85j,2025-07-01,1074.05,0.0,225.55,USD,0.96069,1031.8290945,216.68362950000002,0.0
inv_2gcf9spq,org_jxepq85j,2025-08-01,907.66,0.0,190.61,USD,0.90162,818.3644092,171.85778820000002,0.0
inv_dnblwd8m,org_sg65kxvf,2025-06-01,987.53,0.0,207.38,USD,0.96489,952.8578217,200.0988882,0.0
inv_7amndi5t,org_sg65kxvf,2025-07-01,627.78,6.16,131.83,USD,1.09665,688.4549369999999,144.5713695,6.755363999999999
inv_bdjgggu5,org_sg65kxvf,2025-08-01,504.87,4.2,106.02,USD,0.98785,498.7358295,104.73185699999999,4.14897
inv_rpzh4yyb,org_1t2tala7,2025-06-01,440.01,27.17,92.4,USD,1.03051,453.43470510000003,95.21912400000001,27.998956700000004
inv_khtab92w,org_1t2tala7,2025-07-01,733.71,0.0,154.08,ARS,0.0015,1.100565,0.23112000000000002,0.0
inv_c3bnecjq,org_1t2tala7,2025-08-01,1280.11,0.0,268.82,ARS,0.00154,1.9713693999999997,0.4139828,0.0
inv_427u1nvm,org_53lc58dr,2025-06-01,1045.29,0.0,219.51,EUR,1.11029,1160.5750341,243.7197579,0.0
inv_eagwp82h,org_53lc58dr,2025-07-01,482.04,0.0,101.23,USD,1.10573,533.0060892,111.93304790000002,0.0
inv_6sgl5wr6,org_53lc58dr,2025-08-01,217.58,0.0,45.69,USD,0.97138,211.35286040000003,44.3823522,0.0
inv_zebcvf6f,org_c11ertj5,2025-06-01,1729.12,9.97,363.11,EUR,1.09935,1900.908072,399.18497850000006,10.960519500000002
inv_ovk2hqkq,org_c11ertj5,2025-07-01,1255.59,0.0,263.67,ARS,0.0016,2.008944,0.421872,0.0
inv_8fkcek2g,org_c11ertj5,2025-08-01,1061.88,0.0,223.0,USD,0.92466,981.8779608000001,206.19918,0.0
inv_pm4ghdom,org_pht0hl9x,2025-06-01,557.59,69.44,117.09,USD,0.99469,554.6291971,116.4682521,69.0712736
inv_spfqlfqe,org_pht0hl9x,2025-07-01,195.06,0.0,40.96,USD,1.06336,207.41900160000003,43.55522560000001,0.0
inv_biwrcqla,org_pht0hl9x,2025-08-01,422.33,3.34,88.69,USD,0.95312,402.5311696,84.5322128,3.1834208
inv_6m04yprp,org_pseimvih,2025-06-01,465.63,10.21,97.78,ARS,0.00147,0.6844760999999999,0.1437366,0.015008700000000002
inv_aqccgzdn,org_pseimvih,2025-07-01,535.63,6.59,112.48,USD,0.88065,471.7025595,99.05551200000001,5.8034835000000005
inv_5v38n2ui,org_pseimvih,2025-08-01,1050.47,7.03,220.6,EUR,1.06485,1118.5929795000002,234.90591,7.485895500000001
inv_ziwnt0z8,org_cwi64ciy,2025-06-01,1410.93,0.0,296.3,USD,1.0946,1544.403978,324.32998000000003,0.0
inv_5prcpkfd,org_cwi64ciy,2025-07-01,1123.55,18.42,235.94,USD,0.93839,1054.3280845,221.40373659999997,17.2851438
inv_tbjoj02w,org_cwi64ciy,2025-08-01,1238.24,0.0,260.03,USD,0.93981,1163.7103344,244.37879429999998,0.0
inv_y0ufbc16,org_he7ur23g,2025-06-01,647.43,0.0,135.96,USD,1.05381,682.2682082999999,143.27600759999999,0.0
inv_lks2dvgo,org_he7ur23g,2025-07-01,267.9,14.71,56.26,ARS,0.00145,0.38845499999999994,0.081577,0.0213295
inv_ni9hilzn,org_he7ur23g,2025-08-01,1218.19,53.81,255.82,USD,1.01482,1236.2435758000001,259.6112524,54.6074642
inv_kq5a36e1,org_dppq0y9d,2025-06-01,561.77,0.0,117.97,USD,0.97433,547.3493641,114.94171010000001,0.0
inv_jqqxf2a8,org_dppq0y9d,2025-07-01,1527.72,0.0,320.82,USD,0.93384,1426.6460448,299.5945488,0.0
inv_jc3mzwty,org_dppq0y9d,2025-08-01,467.65,0.0,98.21,USD,0.90612,423.74701799999997,88.9900452,0.0
inv_257wuqq4,org_om5igqpk,2025-06-01,579.58,0.0,121.71,USD,1.02836,596.0168888000001,125.16169559999999,0.0
inv_tndnqbvr,org_om5igqpk,2025-07-01,565.84,28.09,118.83,ARS,0.00147,0.8317848,0.1746801,0.0412923
inv_081i1ccm,org_om5igqpk,2025-08-01,1033.34,0.0,217.0,USD,0.9616,993.6597439999999,208.6672,0.0
inv_n3dn1gzc,org_i7p5tb94,2025-06-01,637.68,0.0,133.91,USD,1.05817,674.7738456,141.6995447,0.0
inv_v9nxbv30,org_i7p5tb94,2025-07-01,1017.36,0.0,213.65,USD,1.10642,1125.6274512,236.386633,0.0
inv_bmzw7539,org_i7p5tb94,2025-08-01,-849.43,18.2,178.38,USD,1.04212,-885.2079915999999,185.89336559999998,18.966583999999997
inv_mh4qx495,org_874frhoc,2025-06-01,448.43,0.0,94.17,ARS,0.00148,0.6636764,0.1393716,0.0
inv_ajgatxpx,org_874frhoc,2025-07-01,450.85,0.0,94.68,USD,0.95791,431.87372350000004,90.69491880000001,0.0
inv_zqu3o193,org_874frhoc,2025-08-01,719.67,0.0,151.13,USD,0.94852,682.6213884,143.3498276,0.0
inv_x23cus50,org_n9j2qp89,2025-06-01,1299.22,18.3,272.84,ARS,0.00153,1.9878065999999999,0.4174451999999999,0.027999
inv_av7h4vck,org_n9j2qp89,2025-07-01,1309.61,79.06,275.02,USD,0.95046,1244.7319206,261.3955092,75.1433676
inv_u3cqbhey,org_n9j2qp89,2025-08-01,697.84,0.0,146.55,EUR,1.13498,792.0344432,166.33131900000004,0.0
inv_ysm4yyq3,org_uzfk8ut0,2025-06-01,640.22,0.0,134.45,USD,0.9675,619.41285,130.080375,0.0
inv_42dyqzs5,org_uzfk8ut0,2025-07-01,345.59,3.46,72.57,USD,0.96037,331.89426829999996,69.6940509,3.3228801999999997
inv_dupx06lb,org_uzfk8ut0,2025-08-01,872.19,45.72,183.16,USD,1.04473,911.2030587,191.35274679999998,47.7650556
inv_rhlvo2y9,org_cvs4f8cg,2025-06-01,730.7,70.88,153.45,USD,1.04106,760.7025420000001,159.750657,73.7903328
inv_3fm348ni,org_cvs4f8cg,2025-07-01,283.27,0.0,59.49,EUR,1.13637,321.8995299,67.6026513,0.0
inv_747x202v,org_cvs4f8cg,2025-08-01,498.91,40.44,104.77,USD,0.99037,494.1054967,103.7610649,40.050562799999994
inv_mbmp050o,org_vyie6ivw,2025-06-01,1456.73,13.95,305.91,USD,0.96392,1404.1711816,294.8727672,13.446684
inv_rneee0jq,org_vyie6ivw,2025-07-01,515.33,0.0,108.22,USD,0.94323,486.07471590000006,102.0763506,0.0
inv_9rvn97y8,org_vyie6ivw,2025-08-01,-910.68,70.98,191.24,USD,0.96732,-880.9189776,184.9902768,68.6603736
inv_xltnvv1g,org_pvs7hzio,2025-06-01,1238.82,0.0,260.15,ARS,0.00162,2.0068884,0.42144299999999996,0.0
inv_fbchz6pu,org_pvs7hzio,2025-07-01,607.47,12.67,127.57,EUR,1.04196,632.9594412,132.9228372,13.2016332
inv_f3edpvgn,org_pvs7hzio,2025-08-01,647.56,0.0,135.99,EUR,1.05629,684.0111523999999,143.6448771,0.0
inv_yhc1rhlo,org_ykl1cq99,2025-06-01,656.54,12.6,137.87,EUR,1.14214,749.8605955999999,157.4668418,14.390963999999999
inv_e20rillp,org_ykl1cq99,2025-07-01,861.1,0.0,180.83,USD,0.98014,843.998554,177.23871620000003,0.0
inv_gey18jse,org_ykl1cq99,2025-08-01,895.8,0.0,188.12,USD,1.03113,923.6862540000001,193.97617560000003,0.0
inv_uo4vknqu,org_chj755nf,2025-06-01,686.38,0.0,144.14,USD,1.0532,722.895416,151.80824799999996,0.0
inv_feucxsm7,org_chj755nf,2025-07-01,481.18,3.95,101.05,USD,1.04053,500.6822254,105.1455565,4.1100935
inv_2ujz4n1x,org_chj755nf,2025-08-01,1585.03,0.0,332.86,ARS,0.00148,2.3458444,0.49263280000000004,0.0
inv_l8yrr4ck,org_4zw9xa3k,2025-06-01,1144.26,2.25,240.29,USD,1.02789,1176.1734113999998,246.99168809999998,2.3127524999999998
inv_cekklmsz,org_4zw9xa3k,2025-07-01,716.55,0.0,150.48,ARS,0.00139,0.9960045,0.20916719999999997,0.0
inv_clm4f8fw,org_4zw9xa3k,2025-08-01,392.95,19.54,82.52,USD,1.013,398.05834999999996,83.59275999999998,19.794019999999996
inv_s0gv4qmp,org_x7eedtjv,2025-06-01,470.55,0.0,98.82,EUR,1.10674,520.776507,109.3680468,0.0
inv_5jhdt629,org_x7eedtjv,2025-07-01,565.7,0.0,118.8,USD,1.02814,581.6187980000001,122.143032,0.0
inv_3tlo1i7x,org_x7eedtjv,2025-08-01,-879.97,56.93,184.79,USD,0.95074,-836.6226778,175.68724459999999,54.1256282
inv_j2czafr0,org_zhwjr64d,2025-06-01,816.1,18.49,171.38,ARS,0.00133,1.085413,0.2279354,0.024591699999999998
inv_rwm4f7a4,org_zhwjr64d,2025-07-01,1055.77,6.44,221.71,USD,0.97394,1028.2566338,215.93223740000002,6.2721736
inv_2s5ww7xh,org_zhwjr64d,2025-08-01,822.75,3.7,172.78,EUR,1.09051,897.2171025000001,188.4183178,4.034887
inv_f4wiq8hl,org_pja1wj0t,2025-06-01,862.2,0.0,181.06,ARS,0.00142,1.2243240000000002,0.25710520000000003,0.0
inv_swdlr4kn,org_pja1wj0t,2025-07-01,390.29,2.67,81.96,EUR,1.09952,429.1316608,90.1166592,2.9357184000000003
inv_bd9o45fg,org_pja1wj0t,2025-08-01,750.83,0.0,157.67,USD,0.99416,746.4451528000001,156.7492072,0.0
inv_3mlof683,org_pac56t4u,2025-06-01,1143.8,24.42,240.2,USD,0.93679,1071.500402,225.016958,22.876411800000003
inv_mjozgxua,org_pac56t4u,2025-07-01,871.09,0.0,182.93,USD,1.06594,928.5296746000001,194.99240420000004,0.0
inv_4dqxin67,org_pac56t4u,2025-08-01,-701.47,2.71,147.31,USD,0.96736,-678.5740192000001,142.5018016,2.6215456
inv_273jyzbb,org_fel6246h,2025-06-01,250.64,11.79,52.63,USD,0.96281,241.3186984,50.672690300000006,11.3515299
inv_27s9bu1d,org_fel6246h,2025-07-01,101.28,0.0,21.27,USD,1.08962,110.3567136,23.1762174,0.0
inv_gej1dg6f,org_fel6246h,2025-08-01,1001.28,0.0,210.27,ARS,0.00152,1.5219456,0.3196104,0.0
inv_wronbvpx,org_id25owf7,2025-06-01,1654.23,0.0,347.39,USD,0.98005,1621.2281115,340.4595695,0.0
inv_d06jgypm,org_id25owf7,2025-07-01,917.17,71.11,192.6,USD,1.06089,973.0164813,204.327414,75.4398879
inv_2fm72c6z,org_id25owf7,2025-08-01,1579.19,0.0,331.63,ARS,0.00148,2.3372012,0.4908124,0.0
inv_5tpwy0tu,org_5935a0l7,2025-06-01,678.43,0.0,142.47,USD,0.95714,649.3524901999999,136.3637358,0.0
inv_zg2vg35x,org_5935a0l7,2025-07-01,1328.13,0.0,278.91,USD,1.0296,1367.4426480000002,287.16573600000004,0.0
inv_dku6jeda,org_5935a0l7,2025-08-01,610.56,0.0,128.22,USD,1.04125,635.7456,133.509075,0.0
inv_d38youge,org_253j2d54,2025-06-01,1304.26,0.0,273.89,USD,0.93882,1224.4653732,257.1334098,0.0
inv_4of633bq,org_253j2d54,2025-07-01,605.88,0.0,127.24,EUR,1.14824,695.6956511999999,146.1020576,0.0
inv_6fwsklws,org_253j2d54,2025-08-01,409.19,0.0,85.93,USD,1.00852,412.67629880000004,86.66212360000002,0.0
inv_8onkctq7,org_i3qk2iag,2025-06-01,498.02,0.0,104.58,USD,1.01282,504.4046164,105.92071560000001,0.0
inv_vin5lvdo,org_i3qk2iag,2025-07-01,976.24,11.2,205.01,ARS,0.00154,1.5034096,0.3157154,0.017248
inv_8yu98gfe,org_i3qk2iag,2025-08-01,493.26,0.0,103.58,EUR,1.09817,541.6833342,113.7484486,0.0
inv_x6dcledo,org_l58kxo9t,2025-06-01,523.12,0.0,109.86,USD,1.01139,529.0783368,111.1113054,0.0
inv_515igjza,org_l58kxo9t,2025-07-01,1328.74,0.0,279.04,EUR,1.13251,1504.8113374,316.0155904,0.0
inv_e557o7rc,org_l58kxo9t,2025-08-01,516.59,0.9,108.48,USD,0.97375,503.0295125,105.6324,0.876375
inv_i2afi41j,org_7e8g8jdp,2025-06-01,631.17,0.0,132.55,USD,1.02804,648.8680068,136.266702,0.0
inv_ip23rb1w,org_7e8g8jdp,2025-07-01,531.8,0.0,111.68,USD,0.94082,500.32807599999995,105.0707776,0.0
inv_0xwxvtx6,org_7e8g8jdp,2025-08-01,306.2,32.48,64.3,USD,1.02576,314.087712,65.956368,33.3166848
inv_poqbt55r,org_0lvsnujz,2025-06-01,1316.02,0.0,276.36,ARS,0.00152,2.0003504,0.42006720000000003,0.0
inv_ebxgkya3,org_0lvsnujz,2025-07-01,1600.22,21.0,336.05,USD,1.05778,1692.6807116,355.466969,22.213379999999997
inv_z5ncy31z,org_0lvsnujz,2025-08-01,675.07,0.0,141.77,USD,1.00193,676.3728851000001,142.0436161,0.0
inv_r7kq9mgm,org_a7tz0ync,2025-06-01,638.06,11.12,133.99,USD,0.91585,584.367251,122.71474150000002,10.184252
inv_5p39vhg9,org_a7tz0ync,2025-07-01,361.09,0.0,75.83,USD,0.96679,349.0982011,73.3116857,0.0
inv_p01zulgt,org_a7tz0ync,2025-08-01,242.36,39.74,50.9,ARS,0.00157,0.38050520000000004,0.079913,0.062391800000000004
inv_dt2sgngy,org_xll4zklo,2025-06-01,1739.36,0.0,365.27,USD,1.04569,1818.8313584,381.9591863,0.0
inv_f4tpa50b,org_xll4zklo,2025-07-01,1025.17,0.0,215.28,USD,1.02761,1053.4749437,221.2238808,0.0
inv_g5m61isv,org_xll4zklo,2025-08-01,368.42,24.51,77.37,USD,0.97876,360.5947592,75.7266612,23.9894076
inv_uccpugcg,org_okep7y6w,2025-06-01,1205.25,12.86,253.1,USD,1.04503,1259.5224074999999,264.49709299999995,13.439085799999997
inv_izzm399a,org_okep7y6w,2025-07-01,857.31,3.38,180.04,USD,0.98114,841.1411334,176.64444559999998,3.3162532
inv_rau76uxv,org_okep7y6w,2025-08-01,972.36,5.31,204.2,USD,1.08965,1059.532074,222.50653,5.7860415
inv_2o2qszo1,org_ktakpuxq,2025-06-01,283.18,0.0,59.47,USD,0.98594,279.19848920000004,58.6338518,0.0
inv_i736mv3t,org_ktakpuxq,2025-07-01,654.61,0.0,137.47,USD,1.01351,663.4537810999999,139.3272197,0.0
inv_0kg6umh4,org_ktakpuxq,2025-08-01,-1355.74,0.0,284.71,ARS,0.00157,-2.1285118,0.44699469999999997,0.0
inv_gblckuhy,org_phr62gds,2025-06-01,-696.82,2.12,146.33,USD,0.99772,-695.2312504000001,145.9963676,2.1151664
inv_d07dvrmy,org_phr62gds,2025-07-01,1041.96,0.62,218.81,EUR,1.12328,1170.4128288000002,245.7848968,0.6964336
inv_93pomv7m,org_phr62gds,2025-08-01,-644.77,0.0,135.4,ARS,0.00135,-0.8704395,0.18279,0.0
inv_bci56fjp,org_wm31yiha,2025-06-01,636.91,2.84,133.75,EUR,1.13069,720.1477679,151.2297875,3.2111596
inv_z42q8bz5,org_wm31yiha,2025-07-01,420.67,13.34,88.34,ARS,0.00154,0.6478318,0.1360436,0.0205436
inv_3gwtfcc2,org_wm31yiha,2025-08-01,1530.15,0.0,321.33,ARS,0.00146,2.234019,0.46914179999999994,0.0
inv_sw01m4y0,org_ir4cowgz,2025-06-01,1217.09,9.87,255.59,USD,1.01569,1236.1861420999999,259.6002071,10.024860299999999
inv_4lf3cf08,org_ir4cowgz,2025-07-01,306.75,0.0,64.42,USD,0.98538,302.265315,63.478179600000004,0.0
inv_p1r3cl4h,org_ir4cowgz,2025-08-01,1297.19,0.0,272.41,EUR,1.15025,1492.0927975,313.3396025,0.0
inv_9dato9bp,org_rixa11dp,2025-06-01,536.35,1.54,112.63,USD,1.00649,539.8309115000001,113.3609687,1.5499946000000002
inv_12uj3a3t,org_rixa11dp,2025-07-01,394.97,12.45,82.94,USD,0.88098,347.9606706,73.0684812,10.968200999999999
inv_sazk8zy7,org_rixa11dp,2025-08-01,411.0,13.49,86.31,USD,0.93228,383.16708,80.46508680000001,12.5764572
inv_eskzadbs,org_g8sbi4q2,2025-06-01,-570.69,0.0,119.84,USD,0.85463,-487.72879470000004,102.4188592,0.0
inv_9cwqq2g1,org_g8sbi4q2,2025-07-01,340.79,0.0,71.57,USD,0.97866,333.5175414,70.0426962,0.0
inv_kvr6ax8k,org_g8sbi4q2,2025-08-01,859.17,57.66,180.43,EUR,1.0715,920.6006549999998,193.33074499999998,61.78268999999999
inv_xxj0lebn,org_y9v86wzs,2025-06-01,871.78,0.0,183.07,ARS,0.00149,1.2989522,0.27277429999999997,0.0
inv_52kocwde,org_y9v86wzs,2025-07-01,660.6,43.69,138.73,USD,1.06243,701.841258,147.3909139,46.417566699999995
inv_mm0uez19,org_y9v86wzs,2025-08-01,1052.55,55.7,221.04,ARS,0.00149,1.5682995,0.32934959999999996,0.08299300000000001
inv_yei8p4ye,org_3t60rjiw,2025-06-01,1025.41,47.98,215.34,ARS,0.00147,1.5073527,0.3165498,0.0705306
inv_dn2z2v17,org_3t60rjiw,2025-07-01,427.72,0.0,89.82,USD,1.0094,431.74056800000005,90.664308,0.0
inv_tz63rrpn,org_3t60rjiw,2025-08-01,945.37,17.44,198.53,USD,1.0106,955.3909219999999,200.63441799999998,17.624864
inv_csqc2vd8,org_1swjckjl,2025-06-01,927.15,0.0,194.7,USD,0.8992,833.69328,175.07424,0.0
inv_iqwfjrbn,org_1swjckjl,2025-07-01,195.78,20.14,41.11,USD,1.10347,216.03735659999998,45.3636517,22.223885799999998
inv_vl0os3x2,org_1swjckjl,2025-08-01,1144.04,0.0,240.25,USD,1.05087,1202.2373148,252.4715175,0.0
inv_3ietyr9x,org_teiyzcot,2025-06-01,778.23,0.0,163.43,USD,1.03986,809.2502478,169.94431980000002,0.0
inv_20bw2mrl,org_teiyzcot,2025-07-01,529.19,0.0,111.13,USD,1.01249,535.7995831,112.51801369999998,0.0
inv_lgu1tlxz,org_teiyzcot,2025-08-01,62.77,46.81,13.18,USD,0.9783,61.407891,12.893994,45.794223
inv_b63v1vqy,org_ohp6vz41,2025-06-01,651.04,0.0,136.72,USD,1.00368,653.4358272,137.2231296,0.0
inv_lbos46a9,org_ohp6vz41,2025-07-01,472.07,0.0,99.13,ARS,0.00154,0.7269878,0.1526602,0.0
inv_08cmqxgy,org_ohp6vz41,2025-08-01,681.35,0.0,143.08,EUR,1.19808,816.311808,171.4212864,0.0
inv_mymmhlk1,org_nam148p0,2025-06-01,-538.22,1.21,113.03,USD,1.03612,-557.6605064,117.1126436,1.2537052
inv_b17zyqzs,org_nam148p0,2025-07-01,-810.1,17.86,170.12,USD,1.07247,-868.807947,182.4485964,19.1543142
inv_s8v5x6e9,org_nam148p0,2025-08-01,667.18,36.24,140.11,USD,1.11791,745.8471937999999,156.63037010000002,40.5130584
inv_d70qfx7a,org_tvhhpbmy,2025-06-01,729.97,0.0,153.29,USD,0.99477,726.1522569000001,152.4882933,0.0
inv_1l1cegoy,org_tvhhpbmy,2025-07-01,501.79,0.0,105.38,USD,0.99553,499.5469987,104.90895139999999,0.0
inv_nry6k7ay,org_tvhhpbmy,2025-08-01,131.79,0.0,27.68,USD,1.01406,133.64296739999997,28.069180799999998,0.0
inv_lprsjj8e,org_ofqewaou,2025-06-01,649.97,0.65,136.49,USD,0.94617,614.9821148999999,129.1427433,0.6150105
inv_k38cjtqe,org_ofqewaou,2025-07-01,242.74,2.54,50.98,USD,1.05044,254.9838056,53.551431199999996,2.6681176
inv_aeq2ifqb,org_ofqewaou,2025-08-01,870.55,0.0,182.82,USD,0.9406,818.8393299999999,171.960492,0.0
inv_kk2bilnp,org_axeqbnhl,2025-06-01,597.48,10.41,125.47,USD,0.99161,592.4671428,124.4173067,10.3226601
inv_t95xj3y1,org_axeqbnhl,2025-07-01,1312.26,0.8,275.57,USD,0.97936,1285.1749536,269.88223519999997,0.7834880000000001
inv_xc2i92pv,org_axeqbnhl,2025-08-01,1339.51,0.0,281.3,USD,1.01062,1353.7355962000001,284.28740600000003,0.0
inv_07uj4fqk,org_1n13jcat,2025-06-01,1079.91,2.3,226.78,ARS,0.00153,1.6522623,0.3469734,0.0035189999999999996
inv_sd7gdp9i,org_1n13jcat,2025-07-01,826.88,0.0,173.65,USD,1.03005,851.7277439999999,178.8681825,0.0
inv_i37y3d2f,org_1n13jcat,2025-08-01,1335.42,13.87,280.44,USD,0.94846,1266.5924532000001,265.9861224,13.155140199999998
inv_nc3cii1j,org_9mx2x18h,2025-06-01,756.84,0.0,158.94,USD,0.96162,727.7924808,152.8398828,0.0
inv_0f53qb38,org_9mx2x18h,2025-07-01,726.07,0.0,152.48,USD,0.97049,704.6436743,147.98031519999998,0.0
inv_yhedxfe3,org_9mx2x18h,2025-08-01,1452.17,0.0,304.96,USD,1.03888,1508.6303696000002,316.8168448,0.0
inv_jwe46xaa,org_afeyuhz1,2025-06-01,-1671.83,3.6,351.08,USD,1.01834,-1702.4913622,357.51880719999997,3.666024
inv_d0xh2mec,org_afeyuhz1,2025-07-01,800.47,0.0,168.1,USD,0.97433,779.9219351,163.784873,0.0
inv_yjxp7x80,org_afeyuhz1,2025-08-01,818.15,19.3,171.81,USD,1.08766,889.8690290000001,186.8708646,20.991838
inv_nhje1e3d,org_gv0e38da,2025-06-01,629.46,0.0,132.19,USD,0.94678,595.9601388,125.15484819999999,0.0
inv_yywzl0oz,org_gv0e38da,2025-07-01,1243.5,0.0,261.14,ARS,0.00147,1.827945,0.3838758,0.0
inv_t4lh19l8,org_gv0e38da,2025-08-01,1169.35,0.0,245.56,ARS,0.00161,1.8826535,0.3953516,0.0
inv_oexntjw3,org_ly8ozcyw,2025-06-01,675.41,0.38,141.84,USD,1.01784,687.4593144,144.3704256,0.38677920000000005
inv_x8gghtv3,org_ly8ozcyw,2025-07-01,755.95,0.0,158.75,ARS,0.00157,1.1868415,0.2492375,0.0
inv_sy80w5gs,org_ly8ozcyw,2025-08-01,-1095.1,0.0,229.97,EUR,0.9981,-1093.01931,229.53305699999999,0.0
inv_m7rbrxdy,org_d14ve92m,2025-06-01,777.2,0.0,163.21,USD,1.07556,835.925232,175.54214760000002,0.0
inv_633m236m,org_d14ve92m,2025-07-01,2237.39,21.64,469.85,EUR,1.17482,2628.5305197999996,551.989177,25.4231048
inv_kzrrk6uj,org_d14ve92m,2025-08-01,1178.6,0.0,247.51,USD,0.93353,1100.2584579999998,231.05801029999998,0.0
inv_vbp3bau5,org_pnsm43d8,2025-06-01,1009.17,0.0,211.93,ARS,0.00159,1.6045803,0.3369687,0.0
inv_7ote0q32,org_pnsm43d8,2025-07-01,290.76,0.0,61.06,USD,1.08478,315.41063280000003,66.23666680000001,0.0
inv_rv23u65x,org_pnsm43d8,2025-08-01,1159.3,3.7,243.45,USD,0.97369,1128.798817,237.0448305,3.6026530000000005
inv_nufa4afm,org_w3zp08j3,2025-06-01,1152.0,0.0,241.92,EUR,1.08059,1244.83968,261.41633279999996,0.0
inv_3mhpdpu9,org_w3zp08j3,2025-07-01,696.56,0.0,146.28,ARS,0.00149,1.0378744,0.2179572,0.0
inv_43fwjbuo,org_w3zp08j3,2025-08-01,878.73,0.0,184.53,USD,0.93182,818.8181886,171.9487446,0.0
inv_ey6drhy1,org_trp0j43d,2025-06-01,693.35,8.13,145.6,EUR,1.10467,765.9229445000001,160.839952,8.9809671
inv_hnxiyyvi,org_trp0j43d,2025-07-01,1371.34,0.0,287.98,ARS,0.00153,2.0981501999999996,0.4406094,0.0
inv_wst87quf,org_trp0j43d,2025-08-01,526.5,0.0,110.56,ARS,0.00147,0.773955,0.1625232,0.0
inv_7p2r6u0m,org_5iqvnb4g,2025-06-01,618.03,0.0,129.79,USD,1.03636,640.5015708,134.50916439999997,0.0
inv_2v0mw405,org_5iqvnb4g,2025-07-01,577.18,8.27,121.21,USD,1.05753,610.3851654,128.1832113,8.745773100000001
inv_g00r5y52,org_5iqvnb4g,2025-08-01,943.51,0.0,198.14,ARS,0.00148,1.3963948,0.2932472,0.0
inv_pdi47kah,org_h2m5zja8,2025-06-01,436.82,17.98,91.73,USD,1.01806,444.70896919999996,93.3866438,18.3047188
inv_8oxenq7j,org_h2m5zja8,2025-07-01,931.88,8.92,195.7,USD,0.93401,870.3852388,182.785757,8.3313692
inv_bx9k7mnc,org_h2m5zja8,2025-08-01,356.7,25.33,74.91,USD,0.92375,329.501625,69.1981125,23.398587499999998
inv_ticeaae5,org_dzr1yxr2,2025-06-01,1060.1,24.75,222.62,USD,0.90157,955.7543569999999,200.7075134,22.3138575
inv_ezfrxymm,org_dzr1yxr2,2025-07-01,850.4,11.5,178.58,USD,0.97481,828.9784239999999,174.0815698,11.210315
inv_2798p7pr,org_dzr1yxr2,2025-08-01,1217.78,0.0,255.73,USD,1.01774,1239.3834172000002,260.2666502,0.0
inv_jhhzh139,org_dhylurtp,2025-06-01,758.85,0.0,159.36,USD,1.05293,799.0159305,167.7949248,0.0
inv_q0ep8v1u,org_dhylurtp,2025-07-01,596.99,0.0,125.37,ARS,0.0015,0.8954850000000001,0.188055,0.0
inv_c8eanr1c,org_dhylurtp,2025-08-01,1150.2,49.92,241.54,ARS,0.00154,1.7713079999999999,0.37197159999999996,0.0768768
inv_gwj9s8u2,org_0lzjjege,2025-06-01,1179.39,0.0,247.67,ARS,0.00139,1.6393521000000002,0.3442613,0.0
inv_87m5c6re,org_0lzjjege,2025-07-01,319.01,5.42,66.99,ARS,0.00146,0.46575459999999996,0.09780539999999999,0.007913199999999999
inv_aguucqb3,org_0lzjjege,2025-08-01,1683.69,16.87,353.57,ARS,0.00154,2.5928826,0.5444977999999999,0.0259798
inv_9bw4q46d,org_t1ghr09s,2025-06-01,455.78,0.0,95.71,USD,1.05265,479.776817,100.7491315,0.0
inv_erg870sb,org_t1ghr09s,2025-07-01,1346.7,0.0,282.81,USD,1.06638,1436.0939460000002,301.58292780000005,0.0
inv_9fyy9v3z,org_t1ghr09s,2025-08-01,496.75,0.0,104.32,USD,0.97813,485.8860775,102.0385216,0.0
inv_sozacfax,org_kdgigatj,2025-06-01,810.75,9.4,170.26,USD,1.00897,818.0224274999999,171.78723219999998,9.484318
inv_r57ev1kg,org_kdgigatj,2025-07-01,506.47,13.03,106.36,USD,0.92825,470.1307775,98.72867000000001,12.0950975
inv_vxlobicl,org_kdgigatj,2025-08-01,1631.75,0.0,342.67,USD,0.97486,1590.727805,334.0552762,0.0
